fecha,stock_arena_t,consumo_t,recepcion_t,stock_seguridad_t,quiebre
2024-10-01,60502.0,5798.0,0.0,12000,0
2024-10-02,56309.0,4193.0,0.0,12000,0
2024-10-03,52746.0,3563.0,0.0,12000,0
2024-10-04,49172.0,3573.0,0.0,12000,0
2024-10-05,43658.0,5514.0,0.0,12000,0
2024-10-06,38774.0,4884.0,0.0,12000,0
2024-10-07,33365.0,5410.0,0.0,12000,0
2024-10-08,28155.0,5210.0,0.0,12000,0
2024-10-09,23446.0,4709.0,0.0,12000,0
2024-10-10,17607.0,5839.0,0.0,12000,0
2024-10-11,13305.0,4302.0,0.0,12000,0
2024-10-12,8555.0,4750.0,0.0,12000,0
2024-10-13,11788.0,5467.0,8701.0,12000,0
2024-10-14,23851.0,4922.0,16985.0,12000,0
2024-10-15,27229.0,5551.0,8929.0,12000,0
2024-10-16,22414.0,4816.0,0.0,12000,0
2024-10-17,17269.0,5145.0,0.0,12000,0
2024-10-18,13827.0,3442.0,0.0,12000,0
2024-10-19,18916.0,3912.0,9002.0,12000,0
2024-10-20,14845.0,4071.0,0.0,12000,0
2024-10-21,11315.0,3530.0,0.0,12000,0
2024-10-22,7390.0,3925.0,0.0,12000,0
2024-10-23,30769.0,3584.0,26964.0,12000,0
2024-10-24,26727.0,4042.0,0.0,12000,0
2024-10-25,30722.0,4967.0,8961.0,12000,0
2024-10-26,37048.0,4266.0,10593.0,12000,0
2024-10-27,32768.0,4280.0,0.0,12000,0
2024-10-28,28903.0,3865.0,0.0,12000,0
2024-10-29,24889.0,4013.0,0.0,12000,0
2024-10-30,19145.0,5745.0,0.0,12000,0
2024-10-31,14146.0,4998.0,0.0,12000,0
2024-11-01,10236.0,4141.0,231.0,12000,0
2024-11-02,23718.0,3184.0,16665.0,12000,0
2024-11-03,19314.0,4403.0,0.0,12000,0
2024-11-04,16147.0,3167.0,0.0,12000,0
2024-11-05,12508.0,3639.0,0.0,12000,0
2024-11-06,16619.0,4972.0,9084.0,12000,0
2024-11-07,12411.0,4209.0,0.0,12000,0
2024-11-08,17428.0,4027.0,9044.0,12000,0
2024-11-09,13122.0,4306.0,0.0,12000,0
2024-11-10,17454.0,4652.0,8984.0,12000,0
2024-11-11,24568.0,4506.0,11620.0,12000,0
2024-11-12,21258.0,3310.0,0.0,12000,0
2024-11-13,27465.0,2880.0,9088.0,12000,0
2024-11-14,23966.0,3499.0,0.0,12000,0
2024-11-15,29527.0,3395.0,8956.0,12000,0
2024-11-16,44212.0,3271.0,17956.0,12000,0
2024-11-17,39342.0,4871.0,0.0,12000,0
2024-11-18,34617.0,4725.0,0.0,12000,0
2024-11-19,31119.0,3498.0,0.0,12000,0
2024-11-20,26877.0,4242.0,0.0,12000,0
2024-11-21,23202.0,3675.0,0.0,12000,0
2024-11-22,27477.0,4809.0,9083.0,12000,0
2024-11-23,32696.0,3813.0,9032.0,12000,0
2024-11-24,47246.0,3389.0,17939.0,12000,0
2024-11-25,43898.0,3349.0,0.0,12000,0
2024-11-26,39861.0,4037.0,0.0,12000,0
2024-11-27,38373.0,3384.0,1896.0,12000,0
2024-11-28,34286.0,4087.0,0.0,12000,0
2024-11-29,37535.0,4772.0,8021.0,12000,0
2024-11-30,33852.0,3683.0,0.0,12000,0
2024-12-01,30498.0,3354.0,0.0,12000,0
2024-12-02,42631.0,5088.0,17221.0,12000,0
2024-12-03,38631.0,4000.0,0.0,12000,0
2024-12-04,35563.0,3068.0,0.0,12000,0
2024-12-05,41663.0,2970.0,9070.0,12000,0
2024-12-06,38554.0,3109.0,0.0,12000,0
2024-12-07,43354.0,4263.0,9064.0,12000,0
2024-12-08,38724.0,4630.0,0.0,12000,0
2024-12-09,43846.0,3806.0,8928.0,12000,0
2024-12-10,40840.0,3007.0,0.0,12000,0
2024-12-11,37124.0,3715.0,0.0,12000,0
2024-12-12,32040.0,5085.0,0.0,12000,0
2024-12-13,36906.0,4044.0,8910.0,12000,0
2024-12-14,31877.0,5029.0,0.0,12000,0
2024-12-15,27094.0,4783.0,0.0,12000,0
2024-12-16,24203.0,2891.0,0.0,12000,0
2024-12-17,37636.0,4471.0,17904.0,12000,0
2024-12-18,33252.0,4384.0,0.0,12000,0
2024-12-19,29190.0,4062.0,0.0,12000,0
2024-12-20,26693.0,3460.0,962.0,12000,0
2024-12-21,31473.0,4293.0,9074.0,12000,0
2024-12-22,28359.0,3114.0,0.0,12000,0
2024-12-23,33521.0,3834.0,8996.0,12000,0
2024-12-24,29645.0,3876.0,0.0,12000,0
2024-12-25,24655.0,4990.0,0.0,12000,0
2024-12-26,19838.0,4817.0,0.0,12000,0
2024-12-27,16386.0,3452.0,0.0,12000,0
2024-12-28,12405.0,3981.0,0.0,12000,0
2024-12-29,26622.0,3263.0,17480.0,12000,0
2024-12-30,39734.0,4899.0,18011.0,12000,0
2024-12-31,34930.0,4805.0,0.0,12000,0
2025-01-01,40387.0,3534.0,8992.0,12000,0
2025-01-02,36094.0,4294.0,0.0,12000,0
2025-01-03,31867.0,4227.0,0.0,12000,0
2025-01-04,28658.0,3209.0,0.0,12000,0
2025-01-05,24088.0,4569.0,0.0,12000,0
2025-01-06,29102.0,4072.0,9085.0,12000,0
2025-01-07,33419.0,4605.0,8922.0,12000,0
2025-01-08,38318.0,4051.0,8950.0,12000,0
2025-01-09,35449.0,2870.0,0.0,12000,0
2025-01-10,32986.0,3591.0,1128.0,12000,0
2025-01-11,30074.0,2912.0,0.0,12000,0
2025-01-12,43115.0,4941.0,17982.0,12000,0
2025-01-13,38287.0,4829.0,0.0,12000,0
2025-01-14,33563.0,4724.0,0.0,12000,0
2025-01-15,30009.0,3554.0,0.0,12000,0
2025-01-16,27011.0,2997.0,0.0,12000,0
2025-01-17,31118.0,4827.0,8933.0,12000,0
2025-01-18,26137.0,4981.0,0.0,12000,0
2025-01-19,32071.0,3059.0,8993.0,12000,0
2025-01-20,28118.0,3952.0,0.0,12000,0
2025-01-21,41124.0,3023.0,16028.0,12000,0
2025-01-22,45489.0,4565.0,8930.0,12000,0
2025-01-23,40912.0,4577.0,0.0,12000,0
2025-01-24,37757.0,3155.0,0.0,12000,0
2025-01-25,33829.0,3929.0,0.0,12000,0
2025-01-26,29734.0,4095.0,0.0,12000,0
2025-01-27,26275.0,3460.0,0.0,12000,0
2025-01-28,21460.0,4815.0,0.0,12000,0
2025-01-29,25840.0,3812.0,8193.0,12000,0
2025-01-30,31511.0,3341.0,9012.0,12000,0
2025-01-31,27440.0,4071.0,0.0,12000,0
2025-02-01,30963.0,5459.0,8982.0,12000,0
2025-02-02,35867.0,4027.0,8930.0,12000,0
2025-02-03,31541.0,4326.0,0.0,12000,0
2025-02-04,34293.0,6177.0,8928.0,12000,0
2025-02-05,29051.0,5242.0,0.0,12000,0
2025-02-06,24383.0,4668.0,0.0,12000,0
2025-02-07,19499.0,4884.0,0.0,12000,0
2025-02-08,15689.0,3810.0,0.0,12000,0
2025-02-09,11599.0,4090.0,0.0,12000,0
2025-02-10,7201.0,4397.0,0.0,12000,0
2025-02-11,11215.0,5075.0,9088.0,12000,0
2025-02-12,20033.0,4105.0,12923.0,12000,0
2025-02-13,24874.0,4078.0,8919.0,12000,0
2025-02-14,37476.0,3674.0,16276.0,12000,0
2025-02-15,32285.0,5191.0,0.0,12000,0
2025-02-16,28183.0,4102.0,0.0,12000,0
2025-02-17,22249.0,5934.0,0.0,12000,0
2025-02-18,16439.0,5810.0,0.0,12000,0
2025-02-19,13477.0,3674.0,712.0,12000,0
2025-02-20,18402.0,4126.0,9052.0,12000,0
2025-02-21,22042.0,5294.0,8933.0,12000,0
2025-02-22,17979.0,4062.0,0.0,12000,0
2025-02-23,14139.0,3840.0,0.0,12000,0
2025-02-24,17102.0,6015.0,8978.0,12000,0
2025-02-25,28774.0,5028.0,16701.0,12000,0
2025-02-26,24012.0,4762.0,0.0,12000,0
2025-02-27,18405.0,5607.0,0.0,12000,0
2025-02-28,12737.0,5669.0,0.0,12000,0
2025-03-01,17701.0,4030.0,8994.0,12000,0
2025-03-02,22912.0,3775.0,8985.0,12000,0
2025-03-03,27162.0,4687.0,8936.0,12000,0
2025-03-04,31574.0,4666.0,9078.0,12000,0
2025-03-05,34966.0,4785.0,8177.0,12000,0
2025-03-06,29466.0,5500.0,0.0,12000,0
2025-03-07,24118.0,5348.0,0.0,12000,0
2025-03-08,17921.0,6197.0,0.0,12000,0
2025-03-09,14142.0,3779.0,0.0,12000,0
2025-03-10,9533.0,4609.0,0.0,12000,0
2025-03-11,14050.0,4436.0,8953.0,12000,0
2025-03-12,17240.0,5862.0,9052.0,12000,0
2025-03-13,39923.0,4189.0,26871.0,12000,0
2025-03-14,39419.0,4029.0,3525.0,12000,0
2025-03-15,34684.0,4735.0,0.0,12000,0
2025-03-16,30022.0,4662.0,0.0,12000,0
2025-03-17,34670.0,4270.0,8918.0,12000,0
2025-03-18,30478.0,4192.0,0.0,12000,0
2025-03-19,24447.0,6030.0,0.0,12000,0
2025-03-20,19728.0,4720.0,0.0,12000,0
2025-03-21,22909.0,5861.0,9042.0,12000,0
2025-03-22,26876.0,5012.0,8980.0,12000,0
2025-03-23,32263.0,3648.0,9035.0,12000,0
2025-03-24,28999.0,6238.0,2974.0,12000,0
2025-03-25,23207.0,5792.0,0.0,12000,0
2025-03-26,17051.0,6155.0,0.0,12000,0
2025-03-27,20001.0,6039.0,8988.0,12000,0
2025-03-28,14174.0,5827.0,0.0,12000,0
2025-03-29,28293.0,3964.0,18083.0,12000,0
2025-03-30,41451.0,4836.0,17994.0,12000,0
2025-03-31,46363.0,4093.0,9005.0,12000,0
2025-04-01,42142.0,4965.0,744.0,12000,0
2025-04-02,38185.0,3957.0,0.0,12000,0
2025-04-03,33286.0,4900.0,0.0,12000,0
2025-04-04,26601.0,6684.0,0.0,12000,0
2025-04-05,22036.0,4565.0,0.0,12000,0
2025-04-06,15945.0,6092.0,0.0,12000,0
2025-04-07,19797.0,5123.0,8976.0,12000,0
2025-04-08,14768.0,5029.0,0.0,12000,0
2025-04-09,8166.0,6602.0,0.0,12000,0
2025-04-10,37187.0,6714.0,35734.0,12000,0
2025-04-11,31767.0,5420.0,0.0,12000,0
2025-04-12,25868.0,5899.0,0.0,12000,0
2025-04-13,29018.0,4240.0,7390.0,12000,0
2025-04-14,33332.0,4658.0,8972.0,12000,0
2025-04-15,26697.0,6635.0,0.0,12000,0
2025-04-16,21208.0,5489.0,0.0,12000,0
2025-04-17,24752.0,5380.0,8924.0,12000,0
2025-04-18,19995.0,5986.0,1228.0,12000,0
2025-04-19,16042.0,3952.0,0.0,12000,0
2025-04-20,10539.0,5504.0,0.0,12000,0
2025-04-21,14215.0,5264.0,8940.0,12000,0
2025-04-22,7921.0,6294.0,0.0,12000,0
2025-04-23,12754.0,4248.0,9081.0,12000,0
2025-04-24,6142.0,6612.0,0.0,12000,0
2025-04-25,11200.0,4020.0,9078.0,12000,0
2025-04-26,6869.0,4331.0,0.0,12000,0
2025-04-27,28169.0,5536.0,26835.0,12000,0
2025-04-28,35856.0,5772.0,13459.0,12000,0
2025-04-29,31380.0,4476.0,0.0,12000,0
2025-04-30,27242.0,4137.0,0.0,12000,0
2025-05-01,21745.0,5498.0,0.0,12000,0
2025-05-02,17874.0,3871.0,0.0,12000,0
2025-05-03,13123.0,4751.0,0.0,12000,0
2025-05-04,26412.0,4813.0,18102.0,12000,0
2025-05-05,31125.0,4308.0,9021.0,12000,0
2025-05-06,35449.0,4723.0,9048.0,12000,0
2025-05-07,39851.0,4569.0,8971.0,12000,0
2025-05-08,35628.0,5610.0,1388.0,12000,0
2025-05-09,31864.0,3765.0,0.0,12000,0
2025-05-10,26806.0,5058.0,0.0,12000,0
2025-05-11,33079.0,3852.0,10125.0,12000,0
2025-05-12,28830.0,4249.0,0.0,12000,0
2025-05-13,32914.0,4946.0,9029.0,12000,0
2025-05-14,28907.0,4007.0,0.0,12000,0
2025-05-15,33894.0,4047.0,9034.0,12000,0
2025-05-16,46835.0,5148.0,18090.0,12000,0
2025-05-17,43403.0,3432.0,0.0,12000,0
2025-05-18,38997.0,4406.0,0.0,12000,0
2025-05-19,33226.0,5771.0,0.0,12000,0
2025-05-20,27460.0,5765.0,0.0,12000,0
2025-05-21,24027.0,3434.0,0.0,12000,0
2025-05-22,20240.0,3787.0,0.0,12000,0
2025-05-23,42991.0,3919.0,26670.0,12000,0
2025-05-24,46072.0,5607.0,8688.0,12000,0
2025-05-25,49560.0,5474.0,8962.0,12000,0
2025-05-26,44090.0,5470.0,0.0,12000,0
2025-05-27,39908.0,4182.0,0.0,12000,0
2025-05-28,36261.0,3647.0,0.0,12000,0
2025-05-29,30905.0,5355.0,0.0,12000,0
2025-05-30,25879.0,5026.0,0.0,12000,0
2025-05-31,30112.0,4794.0,9027.0,12000,0
2025-06-01,33397.0,5677.0,8962.0,12000,0
2025-06-02,37163.0,4844.0,8610.0,12000,0
2025-06-03,33932.0,3231.0,0.0,12000,0
2025-06-04,37679.0,5252.0,8999.0,12000,0
2025-06-05,35821.0,3959.0,2100.0,12000,0
2025-06-06,30953.0,4868.0,0.0,12000,0
2025-06-07,34358.0,5556.0,8961.0,12000,0
2025-06-08,30811.0,3547.0,0.0,12000,0
2025-06-09,27312.0,3499.0,0.0,12000,0
2025-06-10,23834.0,3478.0,0.0,12000,0
2025-06-11,30481.0,4593.0,11240.0,12000,0
2025-06-12,26590.0,3891.0,0.0,12000,0
2025-06-13,21868.0,4722.0,0.0,12000,0
2025-06-14,34715.0,5003.0,17850.0,12000,0
2025-06-15,30995.0,3720.0,0.0,12000,0
2025-06-16,35168.0,4795.0,8968.0,12000,0
2025-06-17,40330.0,3870.0,9032.0,12000,0
2025-06-18,35899.0,4431.0,0.0,12000,0
2025-06-19,30427.0,5472.0,0.0,12000,0
2025-06-20,25102.0,5324.0,0.0,12000,0
2025-06-21,39526.0,3442.0,17866.0,12000,0
2025-06-22,37825.0,4269.0,2568.0,12000,0
2025-06-23,33923.0,3902.0,0.0,12000,0
2025-06-24,39623.0,3220.0,8920.0,12000,0
2025-06-25,34486.0,5137.0,0.0,12000,0
2025-06-26,38631.0,4802.0,8947.0,12000,0
2025-06-27,43839.0,3865.0,9073.0,12000,0
2025-06-28,38777.0,5062.0,0.0,12000,0
2025-06-29,34188.0,4589.0,0.0,12000,0
2025-06-30,29908.0,4279.0,0.0,12000,0
2025-07-01,26949.0,2959.0,0.0,12000,0
2025-07-02,23840.0,3109.0,0.0,12000,0
2025-07-03,21992.0,4954.0,3106.0,12000,0
2025-07-04,26021.0,5002.0,9031.0,12000,0
2025-07-05,21838.0,4183.0,0.0,12000,0
2025-07-06,25914.0,4844.0,8920.0,12000,0
2025-07-07,39667.0,4268.0,18020.0,12000,0
2025-07-08,36391.0,3275.0,0.0,12000,0
2025-07-09,42141.0,3228.0,8978.0,12000,0
2025-07-10,38500.0,3641.0,0.0,12000,0
2025-07-11,33510.0,4991.0,0.0,12000,0
2025-07-12,28754.0,4756.0,0.0,12000,0
2025-07-13,32902.0,4903.0,9051.0,12000,0
2025-07-14,27912.0,4991.0,0.0,12000,0
2025-07-15,24495.0,3417.0,0.0,12000,0
2025-07-16,20988.0,3507.0,0.0,12000,0
2025-07-17,35725.0,3172.0,17909.0,12000,0
2025-07-18,39985.0,4719.0,8980.0,12000,0
2025-07-19,35029.0,4957.0,0.0,12000,0
2025-07-20,39716.0,3865.0,8553.0,12000,0
2025-07-21,35362.0,4355.0,0.0,12000,0
2025-07-22,32071.0,3290.0,0.0,12000,0
2025-07-23,27010.0,5061.0,0.0,12000,0
2025-07-24,31098.0,4912.0,9000.0,12000,0
2025-07-25,25931.0,5167.0,0.0,12000,0
2025-07-26,22076.0,4789.0,934.0,12000,0
2025-07-27,17125.0,4951.0,0.0,12000,0
2025-07-28,23193.0,2994.0,9061.0,12000,0
2025-07-29,44622.0,4620.0,26049.0,12000,0
2025-07-30,40926.0,3696.0,0.0,12000,0
2025-07-31,35863.0,5063.0,0.0,12000,0
2025-08-01,30892.0,4971.0,0.0,12000,0
2025-08-02,25774.0,5118.0,0.0,12000,0
2025-08-03,20783.0,4991.0,0.0,12000,0
2025-08-04,24519.0,3696.0,7431.0,12000,0
2025-08-05,28644.0,4935.0,9061.0,12000,0
2025-08-06,34379.0,3318.0,9053.0,12000,0
2025-08-07,29242.0,5137.0,0.0,12000,0
2025-08-08,33211.0,5105.0,9074.0,12000,0
2025-08-09,38533.0,3590.0,8912.0,12000,0
2025-08-10,33528.0,5005.0,0.0,12000,0
2025-08-11,31486.0,4157.0,2114.0,12000,0
2025-08-12,27698.0,3787.0,0.0,12000,0
2025-08-13,22744.0,4954.0,0.0,12000,0
2025-08-14,29695.0,3603.0,10554.0,12000,0
2025-08-15,35654.0,3117.0,9075.0,12000,0
2025-08-16,32133.0,3521.0,0.0,12000,0
2025-08-17,28291.0,3842.0,0.0,12000,0
2025-08-18,32107.0,5119.0,8935.0,12000,0
2025-08-19,35726.0,5363.0,8982.0,12000,0
2025-08-20,32001.0,3725.0,0.0,12000,0
2025-08-21,27413.0,4588.0,0.0,12000,0
2025-08-22,23401.0,4012.0,0.0,12000,0
2025-08-23,27016.0,5397.0,9011.0,12000,0
2025-08-24,31662.0,4337.0,8983.0,12000,0
2025-08-25,26365.0,5297.0,0.0,12000,0
2025-08-26,23029.0,3335.0,0.0,12000,0
2025-08-27,17658.0,5371.0,0.0,12000,0
2025-08-28,14173.0,3486.0,0.0,12000,0
2025-08-29,26823.0,5352.0,18003.0,12000,0
2025-08-30,32171.0,3693.0,9040.0,12000,0
2025-08-31,38414.0,3319.0,9562.0,12000,0
2025-09-01,33420.0,4993.0,0.0,12000,0
2025-09-02,27574.0,5847.0,0.0,12000,0
2025-09-03,22931.0,4642.0,0.0,12000,0
2025-09-04,17440.0,5492.0,0.0,12000,0
2025-09-05,12223.0,5216.0,0.0,12000,0
2025-09-06,15898.0,4850.0,8525.0,12000,0
2025-09-07,28624.0,5406.0,18131.0,12000,0
2025-09-08,33174.0,4471.0,9022.0,12000,0
2025-09-09,36425.0,5789.0,9040.0,12000,0
2025-09-10,32688.0,3737.0,0.0,12000,0
2025-09-11,26269.0,6419.0,0.0,12000,0
2025-09-12,39040.0,5295.0,18065.0,12000,0
2025-09-13,33219.0,5820.0,0.0,12000,0
2025-09-14,27334.0,5886.0,0.0,12000,0
2025-09-15,21655.0,5679.0,0.0,12000,0
2025-09-16,16866.0,4789.0,0.0,12000,0
2025-09-17,30888.0,3935.0,17957.0,12000,0
2025-09-18,25541.0,5660.0,313.0,12000,0
2025-09-19,28447.0,4690.0,7596.0,12000,0
2025-09-20,23804.0,4643.0,0.0,12000,0
2025-09-21,17610.0,6193.0,0.0,12000,0
2025-09-22,11789.0,5821.0,0.0,12000,0
2025-09-23,16125.0,4604.0,8940.0,12000,0
2025-09-24,20479.0,4630.0,8983.0,12000,0
2025-09-25,33447.0,4917.0,17886.0,12000,0
2025-09-26,28547.0,4900.0,0.0,12000,0
2025-09-27,33036.0,4590.0,9079.0,12000,0
2025-09-28,28934.0,4101.0,0.0,12000,0
2025-09-29,23982.0,4952.0,0.0,12000,0
2025-09-30,17521.0,6461.0,0.0,12000,0
2025-10-01,12383.0,5138.0,0.0,12000,0
2025-10-02,6655.0,5728.0,0.0,12000,0
2025-10-03,10676.0,4976.0,8998.0,12000,0
2025-10-04,33418.0,4153.0,26895.0,12000,0
2025-10-05,28619.0,4799.0,0.0,12000,0
2025-10-06,34238.0,3366.0,8986.0,12000,0
2025-10-07,30122.0,4116.0,0.0,12000,0
2025-10-08,25632.0,4490.0,0.0,12000,0
2025-10-09,20749.0,4883.0,0.0,12000,0
2025-10-10,15670.0,5079.0,0.0,12000,0
2025-10-11,29093.0,4582.0,18005.0,12000,0
2025-10-12,24570.0,4522.0,0.0,12000,0
2025-10-13,29735.0,3924.0,9089.0,12000,0
2025-10-14,28025.0,4604.0,2894.0,12000,0
2025-10-15,31301.0,5724.0,8999.0,12000,0
2025-10-16,34782.0,5449.0,8930.0,12000,0
2025-10-17,30973.0,3809.0,0.0,12000,0
2025-10-18,27386.0,3587.0,0.0,12000,0
2025-10-19,22672.0,4714.0,0.0,12000,0
2025-10-20,17650.0,5022.0,0.0,12000,0
2025-10-21,22444.0,4242.0,9037.0,12000,0
2025-10-22,44099.0,5507.0,27162.0,12000,0
2025-10-23,38768.0,5331.0,0.0,12000,0
2025-10-24,35682.0,5126.0,2040.0,12000,0
2025-10-25,40656.0,3953.0,8927.0,12000,0
2025-10-26,36769.0,3886.0,0.0,12000,0
2025-10-27,33340.0,3429.0,0.0,12000,0
2025-10-28,29334.0,4006.0,0.0,12000,0
2025-10-29,24726.0,4609.0,0.0,12000,0
2025-10-30,19136.0,5589.0,0.0,12000,0
2025-10-31,15581.0,3556.0,0.0,12000,0
2025-11-01,37811.0,4282.0,26512.0,12000,0
2025-11-02,32986.0,4825.0,0.0,12000,0
2025-11-03,47157.0,3728.0,17899.0,12000,0
2025-11-04,42165.0,4992.0,0.0,12000,0
2025-11-05,37681.0,4484.0,0.0,12000,0
2025-11-06,33828.0,3853.0,0.0,12000,0
2025-11-07,28937.0,4891.0,0.0,12000,0
2025-11-08,25685.0,3252.0,0.0,12000,0
2025-11-09,20555.0,5130.0,0.0,12000,0
2025-11-10,15378.0,5178.0,0.0,12000,0
2025-11-11,11871.0,3507.0,0.0,12000,0
2025-11-12,42854.0,4309.0,35293.0,12000,0
2025-11-13,39173.0,3681.0,0.0,12000,0
2025-11-14,42597.0,5651.0,9076.0,12000,0
2025-11-15,38055.0,4543.0,0.0,12000,0
2025-11-16,34690.0,3365.0,0.0,12000,0
2025-11-17,30824.0,3866.0,0.0,12000,0
2025-11-18,25449.0,5375.0,0.0,12000,0
2025-11-19,30024.0,4388.0,8963.0,12000,0
2025-11-20,24767.0,5257.0,0.0,12000,0
2025-11-21,28255.0,4920.0,8408.0,12000,0
2025-11-22,24719.0,5727.0,2191.0,12000,0
2025-11-23,19981.0,4738.0,0.0,12000,0
2025-11-24,23371.0,5631.0,9021.0,12000,0
2025-11-25,17887.0,5484.0,0.0,12000,0
2025-11-26,13106.0,4781.0,0.0,12000,0
2025-11-27,17051.0,5050.0,8995.0,12000,0
2025-11-28,21627.0,4510.0,9086.0,12000,0
2025-11-29,16297.0,5330.0,0.0,12000,0
2025-11-30,13241.0,4618.0,1563.0,12000,0
2025-12-01,16508.0,5775.0,9042.0,12000,0
2025-12-02,11140.0,5369.0,0.0,12000,0
2025-12-03,15559.0,4657.0,9076.0,12000,0
2025-12-04,11472.0,4087.0,0.0,12000,0
2025-12-05,34548.0,4055.0,27131.0,12000,0
2025-12-06,29460.0,5088.0,0.0,12000,0
2025-12-07,24032.0,5427.0,0.0,12000,0
2025-12-08,19252.0,4780.0,0.0,12000,0
2025-12-09,14193.0,5059.0,0.0,12000,0
2025-12-10,10065.0,4128.0,0.0,12000,0
2025-12-11,32266.0,3606.0,25807.0,12000,0
2025-12-12,31630.0,4157.0,3522.0,12000,0
2025-12-13,36522.0,4120.0,9012.0,12000,0
2025-12-14,32274.0,4247.0,0.0,12000,0
2025-12-15,36486.0,4830.0,9042.0,12000,0
2025-12-16,32719.0,3767.0,0.0,12000,0
2025-12-17,28705.0,4013.0,0.0,12000,0
2025-12-18,23468.0,5237.0,0.0,12000,0
2025-12-19,18198.0,5270.0,0.0,12000,0
2025-12-20,14627.0,3571.0,0.0,12000,0
2025-12-21,19354.0,4480.0,9206.0,12000,0
2025-12-22,23501.0,4837.0,8984.0,12000,0
2025-12-23,19000.0,4501.0,0.0,12000,0
2025-12-24,15051.0,3949.0,0.0,12000,0
2025-12-25,19598.0,4513.0,9060.0,12000,0
2025-12-26,22743.0,5795.0,8940.0,12000,0
2025-12-27,17796.0,4946.0,0.0,12000,0
2025-12-28,12555.0,5241.0,0.0,12000,0
2025-12-29,15900.0,5668.0,9012.0,12000,0
2025-12-30,10473.0,5427.0,0.0,12000,0
2025-12-31,15065.0,4408.0,8999.0,12000,0
2026-01-01,29204.0,3390.0,17530.0,12000,0
2026-01-02,35110.0,4298.0,10204.0,12000,0
2026-01-03,38821.0,5353.0,9064.0,12000,0
2026-01-04,33206.0,5615.0,0.0,12000,0
2026-01-05,27328.0,5878.0,0.0,12000,0
2026-01-06,31724.0,4475.0,8870.0,12000,0
2026-01-07,35384.0,5337.0,8997.0,12000,0
2026-01-08,30576.0,4808.0,0.0,12000,0
2026-01-09,25617.0,4958.0,0.0,12000,0
2026-01-10,21664.0,3954.0,0.0,12000,0
2026-01-11,17713.0,3951.0,0.0,12000,0
2026-01-12,22179.0,4519.0,8986.0,12000,0
2026-01-13,27778.0,3451.0,9050.0,12000,0
2026-01-14,32549.0,4257.0,9028.0,12000,0
2026-01-15,27392.0,5158.0,0.0,12000,0
2026-01-16,31886.0,4436.0,8930.0,12000,0
2026-01-17,28077.0,3808.0,0.0,12000,0
2026-01-18,23476.0,4602.0,0.0,12000,0
2026-01-19,19766.0,3710.0,0.0,12000,0
2026-01-20,23796.0,5008.0,9039.0,12000,0
2026-01-21,38041.0,3446.0,17690.0,12000,0
2026-01-22,40918.0,4409.0,7286.0,12000,0
2026-01-23,36062.0,4856.0,0.0,12000,0
2026-01-24,32615.0,3446.0,0.0,12000,0
2026-01-25,27553.0,5062.0,0.0,12000,0
2026-01-26,23822.0,3731.0,0.0,12000,0
2026-01-27,28234.0,4587.0,8999.0,12000,0
2026-01-28,33700.0,3507.0,8973.0,12000,0
2026-01-29,29330.0,4370.0,0.0,12000,0
2026-01-30,34441.0,3930.0,9041.0,12000,0
2026-01-31,30208.0,4233.0,0.0,12000,0
2026-02-01,33467.0,5691.0,8950.0,12000,0
2026-02-02,29219.0,4629.0,381.0,12000,0
2026-02-03,23554.0,5666.0,0.0,12000,0
2026-02-04,17666.0,5888.0,0.0,12000,0
2026-02-05,13390.0,4276.0,0.0,12000,0
2026-02-06,18657.0,3802.0,9069.0,12000,0
2026-02-07,15028.0,3629.0,0.0,12000,0
2026-02-08,18996.0,5074.0,9042.0,12000,0
2026-02-09,21569.0,6355.0,8928.0,12000,0
2026-02-10,26460.0,4548.0,9439.0,12000,0
2026-02-11,21078.0,5382.0,0.0,12000,0
2026-02-12,24341.0,5747.0,9010.0,12000,0
2026-02-13,27941.0,5387.0,8988.0,12000,0
2026-02-14,22270.0,5672.0,0.0,12000,0
2026-02-15,16055.0,6215.0,0.0,12000,0
2026-02-16,11926.0,4129.0,0.0,12000,0
2026-02-17,8294.0,3631.0,0.0,12000,0
2026-02-18,13304.0,3998.0,9008.0,12000,0
2026-02-19,17992.0,3926.0,8614.0,12000,0
2026-02-20,38690.0,5436.0,26134.0,12000,0
2026-02-21,33547.0,5143.0,0.0,12000,0
2026-02-22,29366.0,4181.0,0.0,12000,0
2026-02-23,23847.0,5519.0,0.0,12000,0
2026-02-24,18140.0,5707.0,0.0,12000,0
2026-02-25,14099.0,4041.0,0.0,12000,0
2026-02-26,26818.0,5263.0,17983.0,12000,0
2026-02-27,29650.0,5654.0,8486.0,12000,0
2026-02-28,34803.0,3893.0,9046.0,12000,0
2026-03-01,28487.0,6316.0,0.0,12000,0
2026-03-02,30692.0,6753.0,8958.0,12000,0
2026-03-03,26510.0,4182.0,0.0,12000,0
2026-03-04,40531.0,3935.0,17956.0,12000,0
2026-03-05,35737.0,4794.0,0.0,12000,0
2026-03-06,38795.0,5890.0,8948.0,12000,0
2026-03-07,32062.0,6733.0,0.0,12000,0
2026-03-08,27014.0,5048.0,0.0,12000,0
2026-03-09,29975.0,6003.0,8964.0,12000,0
2026-03-10,34803.0,4086.0,8914.0,12000,0
2026-03-11,31200.0,5930.0,2328.0,12000,0
2026-03-12,25460.0,5740.0,0.0,12000,0
2026-03-13,21297.0,4164.0,0.0,12000,0
2026-03-14,24085.0,6176.0,8964.0,12000,0
2026-03-15,17676.0,6409.0,0.0,12000,0
2026-03-16,20989.0,5659.0,8972.0,12000,0
2026-03-17,25852.0,4221.0,9084.0,12000,0
2026-03-18,29888.0,6810.0,10846.0,12000,0
2026-03-19,23681.0,6206.0,0.0,12000,0
2026-03-20,27862.0,4900.0,9080.0,12000,0
2026-03-21,31646.0,5143.0,8928.0,12000,0
2026-03-22,35727.0,4970.0,9051.0,12000,0
2026-03-23,30351.0,5376.0,0.0,12000,0
2026-03-24,25470.0,4882.0,0.0,12000,0
2026-03-25,19063.0,6407.0,0.0,12000,0
2026-03-26,12975.0,6325.0,238.0,12000,0
2026-03-27,17312.0,4175.0,8512.0,12000,0
2026-03-28,19645.0,6741.0,9073.0,12000,0
2026-03-29,13880.0,5765.0,0.0,12000,0
2026-03-30,7535.0,6344.0,0.0,12000,0
2026-03-31,1555.0,5980.0,0.0,12000,0
2026-04-01,0.0,1555.0,0.0,12000,1
2026-04-02,2553.0,6534.0,9088.0,12000,0
2026-04-03,4257.0,7284.0,8988.0,12000,0
2026-04-04,0.0,4257.0,0.0,12000,1
2026-04-05,11123.0,6775.0,17898.0,12000,0
2026-04-06,32115.0,5901.0,26894.0,12000,0
2026-04-07,30824.0,5725.0,4433.0,12000,0
2026-04-08,25254.0,5570.0,0.0,12000,0
2026-04-09,18729.0,6525.0,0.0,12000,0
2026-04-10,13700.0,5029.0,0.0,12000,0
2026-04-11,24213.0,6916.0,17429.0,12000,0
2026-04-12,26406.0,6848.0,9041.0,12000,0
2026-04-13,21965.0,4441.0,0.0,12000,0
2026-04-14,23919.0,7013.0,8966.0,12000,0
2026-04-15,27978.0,4949.0,9008.0,12000,0
2026-04-16,22314.0,5664.0,0.0,12000,0
2026-04-17,16179.0,6135.0,0.0,12000,0
2026-04-18,28761.0,5386.0,17968.0,12000,0
2026-04-19,24508.0,4253.0,0.0,12000,0
2026-04-20,28691.0,6914.0,11097.0,12000,0
2026-04-21,23943.0,4749.0,0.0,12000,0
2026-04-22,28170.0,4846.0,9074.0,12000,0
2026-04-23,30491.0,6742.0,9062.0,12000,0
2026-04-24,25229.0,5261.0,0.0,12000,0
2026-04-25,18221.0,7009.0,0.0,12000,0
2026-04-26,29812.0,6429.0,18021.0,12000,0
2026-04-27,24758.0,5054.0,0.0,12000,0
2026-04-28,20565.0,4193.0,0.0,12000,0
2026-04-29,22386.0,7228.0,9048.0,12000,0
2026-04-30,17949.0,4437.0,0.0,12000,0
2026-05-01,14030.0,5559.0,1640.0,12000,0
2026-05-02,16713.0,4917.0,7600.0,12000,0
2026-05-03,29081.0,5664.0,18032.0,12000,0
2026-05-04,23604.0,5477.0,0.0,12000,0
2026-05-05,27230.0,5353.0,8979.0,12000,0
2026-05-06,40183.0,4923.0,17876.0,12000,0
2026-05-07,34422.0,5761.0,0.0,12000,0
2026-05-08,30601.0,3821.0,0.0,12000,0
2026-05-09,26424.0,4177.0,0.0,12000,0
2026-05-10,20944.0,5480.0,0.0,12000,0
2026-05-11,16532.0,4412.0,0.0,12000,0
2026-05-12,11357.0,5175.0,0.0,12000,0
2026-05-13,24611.0,4875.0,18129.0,12000,0
2026-05-14,19577.0,5034.0,0.0,12000,0
2026-05-15,17231.0,4742.0,2396.0,12000,0
2026-05-16,29481.0,5630.0,17880.0,12000,0
2026-05-17,25001.0,4480.0,0.0,12000,0
2026-05-18,19490.0,5511.0,0.0,12000,0
2026-05-19,15177.0,4314.0,0.0,12000,0
2026-05-20,10917.0,4260.0,0.0,12000,0
2026-05-21,7019.0,3897.0,0.0,12000,0
2026-05-22,2923.0,4097.0,0.0,12000,0
2026-05-23,0.0,2923.0,0.0,12000,1
2026-05-24,0.0,0.0,0.0,12000,1
2026-05-25,21452.0,5675.0,27127.0,12000,0
2026-05-26,26395.0,4076.0,9019.0,12000,0
2026-05-27,40296.0,4163.0,18064.0,12000,0
2026-05-28,35391.0,4905.0,0.0,12000,0
2026-05-29,29820.0,5571.0,0.0,12000,0
2026-05-30,23551.0,6270.0,0.0,12000,0
2026-05-31,23044.0,5017.0,4510.0,12000,0
2026-06-01,18420.0,4624.0,0.0,12000,0
2026-06-02,21756.0,4086.0,7422.0,12000,0
2026-06-03,17394.0,4362.0,0.0,12000,0
2026-06-04,21999.0,4460.0,9065.0,12000,0
2026-06-05,17680.0,4319.0,0.0,12000,0
2026-06-06,45922.0,3832.0,32074.0,12000,0
2026-06-07,40558.0,5364.0,0.0,12000,0
2026-06-08,35960.0,4598.0,0.0,12000,0
2026-06-09,29298.0,6662.0,0.0,12000,0
2026-06-10,23877.0,5421.0,0.0,12000,0
2026-06-11,18031.0,5846.0,0.0,12000,0
2026-06-12,13869.0,4162.0,0.0,12000,0
2026-06-13,7519.0,6350.0,0.0,12000,0
2026-06-14,29149.0,5237.0,26866.0,12000,0
2026-06-15,31824.0,6362.0,9037.0,12000,0
2026-06-16,26342.0,5482.0,0.0,12000,0
2026-06-17,24852.0,5173.0,3683.0,12000,0
2026-06-18,19763.0,5088.0,0.0,12000,0
2026-06-19,15430.0,4333.0,0.0,12000,0
2026-06-20,11489.0,3941.0,0.0,12000,0
2026-06-21,4925.0,6564.0,0.0,12000,0
2026-06-22,7881.0,5198.0,8154.0,12000,0
2026-06-23,1668.0,6213.0,0.0,12000,0
2026-06-24,5647.0,4971.0,8950.0,12000,0
2026-06-25,10553.0,4008.0,8914.0,12000,0
2026-06-26,12898.0,5645.0,7991.0,12000,0
2026-06-27,8951.0,3948.0,0.0,12000,0
2026-06-28,4721.0,4230.0,0.0,12000,0
2026-06-29,0.0,4721.0,0.0,12000,1
2026-06-30,0.0,0.0,0.0,12000,1
2026-07-01,13637.0,6449.0,20087.0,12000,0
2026-07-02,18576.0,3973.0,8911.0,12000,0
2026-07-03,39800.0,5800.0,27024.0,12000,0
2026-07-04,43453.0,5353.0,9006.0,12000,0
2026-07-05,37579.0,5874.0,0.0,12000,0
2026-07-06,33303.0,4276.0,0.0,12000,0
2026-07-07,28187.0,5116.0,0.0,12000,0
2026-07-08,40387.0,4912.0,17112.0,12000,0
2026-07-09,35497.0,4890.0,0.0,12000,0
2026-07-10,38424.0,6071.0,8998.0,12000,0
2026-07-11,31986.0,6438.0,0.0,12000,0
2026-07-12,27484.0,4501.0,0.0,12000,0
2026-07-13,22090.0,5394.0,0.0,12000,0
2026-07-14,25742.0,5362.0,9014.0,12000,0
2026-07-15,28951.0,5731.0,8940.0,12000,0
2026-07-16,22633.0,6318.0,0.0,12000,0
2026-07-17,18408.0,4225.0,0.0,12000,0
2026-07-18,14174.0,4234.0,0.0,12000,0
2026-07-19,8668.0,5506.0,0.0,12000,0
2026-07-20,4586.0,4082.0,0.0,12000,0
2026-07-21,9528.0,4129.0,9071.0,12000,0
2026-07-22,14639.0,3850.0,8960.0,12000,0
2026-07-23,19956.0,3645.0,8962.0,12000,0
2026-07-24,27720.0,4912.0,12676.0,12000,0
2026-07-25,22403.0,5317.0,0.0,12000,0
2026-07-26,26877.0,4461.0,8935.0,12000,0
2026-07-27,22585.0,4292.0,0.0,12000,0
2026-07-28,18608.0,5637.0,1661.0,12000,0
2026-07-29,12982.0,5626.0,0.0,12000,0
2026-07-30,17120.0,4922.0,9060.0,12000,0
2026-07-31,11538.0,5582.0,0.0,12000,0
2026-08-01,14580.0,5953.0,8994.0,12000,0
2026-08-02,8993.0,5586.0,0.0,12000,0
2026-08-03,21839.0,5148.0,17994.0,12000,0
2026-08-04,16594.0,5245.0,0.0,12000,0
2026-08-05,10615.0,5979.0,0.0,12000,0
2026-08-06,14944.0,4609.0,8938.0,12000,0
2026-08-07,10013.0,4931.0,0.0,12000,0
2026-08-08,4804.0,5209.0,0.0,12000,0
2026-08-09,0.0,4804.0,0.0,12000,1
2026-08-10,12304.0,5691.0,17995.0,12000,0
2026-08-11,26729.0,3656.0,18081.0,12000,0
2026-08-12,25024.0,3911.0,2206.0,12000,0
2026-08-13,20731.0,4293.0,0.0,12000,0
2026-08-14,15250.0,5482.0,0.0,12000,0
2026-08-15,22508.0,4997.0,12256.0,12000,0
2026-08-16,18267.0,4241.0,0.0,12000,0
2026-08-17,23455.0,3799.0,8987.0,12000,0
2026-08-18,18136.0,5319.0,0.0,12000,0
2026-08-19,30657.0,5349.0,17871.0,12000,0
2026-08-20,24654.0,6004.0,0.0,12000,0
2026-08-21,19841.0,4812.0,0.0,12000,0
2026-08-22,24061.0,4794.0,9014.0,12000,0
2026-08-23,29347.0,3681.0,8967.0,12000,0
2026-08-24,25776.0,3571.0,0.0,12000,0
2026-08-25,21148.0,4628.0,0.0,12000,0
2026-08-26,25897.0,4332.0,9081.0,12000,0
2026-08-27,21758.0,4138.0,0.0,12000,0
2026-08-28,18048.0,3710.0,0.0,12000,0
2026-08-29,37763.0,6055.0,25770.0,12000,0
2026-08-30,40988.0,5716.0,8942.0,12000,0
2026-08-31,35975.0,5014.0,0.0,12000,0
