Mes,Operador,Petroleo_bbl_d,Gas_miles_m3_d,Pozos_activos
2023-09-01,YPF,174801,8918,1103
2023-10-01,YPF,198496,8397,1111
2023-11-01,YPF,199525,10487,1133
2023-12-01,YPF,212549,9621,1139
2024-01-01,YPF,206850,10144,1149
2024-02-01,YPF,194815,10271,1157
2024-03-01,YPF,210444,11359,1177
2024-04-01,YPF,199109,10390,1191
2024-05-01,YPF,204665,10193,1208
2024-06-01,YPF,198447,8614,1222
2024-07-01,YPF,210041,8665,1246
2024-08-01,YPF,226030,9762,1265
2024-09-01,YPF,224578,8967,1289
2024-10-01,YPF,231182,8739,1307
2024-11-01,YPF,231225,8569,1327
2024-12-01,YPF,247518,8739,1333
2025-01-01,YPF,244050,10776,1353
2025-02-01,YPF,222134,10058,1368
2025-03-01,YPF,250571,10789,1380
2025-04-01,YPF,235147,10518,1406
2025-05-01,YPF,243932,10637,1430
2025-06-01,YPF,253444,11864,1443
2025-07-01,YPF,276970,12533,1464
2025-08-01,YPF,286127,12553,1488
2025-09-01,YPF,287023,11478,1506
2025-10-01,YPF,309334,10770,1529
2025-11-01,YPF,309986,11262,1543
2025-12-01,YPF,334587,12609,1562
2026-01-01,YPF,335497,12438,1562
2026-02-01,YPF,285224,11232,1562
2026-03-01,YPF,300674,12080,1562
2026-04-01,YPF,276172,10626,1562
2026-05-01,YPF,262083,11285,1566
2026-06-01,YPF,238813,9964,1566
2026-07-01,YPF,231771,9689,1566
2026-08-01,YPF,224942,9887,1566
2023-09-01,Vista Energy,44618,995,114
2023-10-01,Vista Energy,49584,1025,117
2023-11-01,Vista Energy,49339,985,121
2023-12-01,Vista Energy,50902,965,121
2024-01-01,Vista Energy,50185,911,124
2024-02-01,Vista Energy,43605,801,129
2024-03-01,Vista Energy,47539,850,135
2024-04-01,Vista Energy,51475,930,135
2024-05-01,Vista Energy,58683,996,142
2024-06-01,Vista Energy,59913,1156,146
2024-07-01,Vista Energy,63789,1292,151
2024-08-01,Vista Energy,61555,1119,158
2024-09-01,Vista Energy,66889,1101,161
2024-10-01,Vista Energy,74956,1309,164
2024-11-01,Vista Energy,71170,1345,171
2024-12-01,Vista Energy,75235,1394,171
2025-01-01,Vista Energy,72488,1341,173
2025-02-01,Vista Energy,60211,1164,181
2025-03-01,Vista Energy,64665,1127,185
2025-04-01,Vista Energy,63694,1044,189
2025-05-01,Vista Energy,67647,1186,193
2025-06-01,Vista Energy,65339,1091,193
2025-07-01,Vista Energy,66071,1113,198
2025-08-01,Vista Energy,67596,1146,208
2025-09-01,Vista Energy,76420,1311,211
2025-10-01,Vista Energy,79990,1411,216
2025-11-01,Vista Energy,71263,1259,220
2025-12-01,Vista Energy,71035,1227,220
2026-01-01,Vista Energy,67960,1195,220
2026-02-01,Vista Energy,62285,1111,220
2026-03-01,Vista Energy,64426,1158,220
2026-04-01,Vista Energy,59563,1088,220
2026-05-01,Vista Energy,60769,1099,220
2026-06-01,Vista Energy,54800,990,220
2026-07-01,Vista Energy,54266,980,220
2026-08-01,Vista Energy,52618,945,220
2023-09-01,Pluspetrol,8303,5080,69
2023-10-01,Pluspetrol,7699,5093,70
2023-11-01,Pluspetrol,6230,4620,73
2023-12-01,Pluspetrol,7493,4573,88
2024-01-01,Pluspetrol,7720,4742,87
2024-02-01,Pluspetrol,7611,4529,88
2024-03-01,Pluspetrol,8253,4816,82
2024-04-01,Pluspetrol,7849,4747,85
2024-05-01,Pluspetrol,11323,6143,93
2024-06-01,Pluspetrol,14057,7073,90
2024-07-01,Pluspetrol,18171,8565,96
2024-08-01,Pluspetrol,19330,9646,102
2024-09-01,Pluspetrol,21044,9226,102
2024-10-01,Pluspetrol,20931,8582,102
2024-11-01,Pluspetrol,24396,7780,102
2024-12-01,Pluspetrol,26290,9438,102
2025-01-01,Pluspetrol,27490,9364,107
2025-02-01,Pluspetrol,32062,9511,139
2025-03-01,Pluspetrol,33951,9532,140
2025-04-01,Pluspetrol,35107,10200,144
2025-05-01,Pluspetrol,37837,11591,146
2025-06-01,Pluspetrol,34873,11162,147
2025-07-01,Pluspetrol,40238,12020,148
2025-08-01,Pluspetrol,44270,12937,148
2025-09-01,Pluspetrol,40610,12358,148
2025-10-01,Pluspetrol,39390,11726,148
2025-11-01,Pluspetrol,38729,10691,141
2025-12-01,Pluspetrol,46162,11180,141
2026-01-01,Pluspetrol,49785,11106,141
2026-02-01,Pluspetrol,41884,9504,140
2026-03-01,Pluspetrol,43153,10314,140
2026-04-01,Pluspetrol,40933,8074,140
2026-05-01,Pluspetrol,38270,9803,136
2026-06-01,Pluspetrol,38152,9387,136
2026-07-01,Pluspetrol,36817,9742,136
2026-08-01,Pluspetrol,34228,9081,136
2023-09-01,Shell,26431,412,117
2023-10-01,Shell,24269,378,121
2023-11-01,Shell,27661,425,121
2023-12-01,Shell,31971,469,133
2024-01-01,Shell,31017,462,133
2024-02-01,Shell,33692,509,138
2024-03-01,Shell,36789,576,142
2024-04-01,Shell,35484,578,146
2024-05-01,Shell,30342,518,146
2024-06-01,Shell,32211,556,146
2024-07-01,Shell,34140,590,146
2024-08-01,Shell,33981,575,150
2024-09-01,Shell,0,0,0
2024-10-01,Shell,33630,525,154
2024-11-01,Shell,32011,479,154
2024-12-01,Shell,31802,530,154
2025-01-01,Shell,31197,520,154
2025-02-01,Shell,27409,462,154
2025-03-01,Shell,27362,466,154
2025-04-01,Shell,23537,391,154
2025-05-01,Shell,24735,411,162
2025-06-01,Shell,29776,463,162
2025-07-01,Shell,33960,517,162
2025-08-01,Shell,30340,473,162
2025-09-01,Shell,28935,456,165
2025-10-01,Shell,35328,1447,169
2025-11-01,Shell,34372,1424,169
2025-12-01,Shell,34443,1480,169
2026-01-01,Shell,36499,1414,169
2026-02-01,Shell,31001,1166,169
2026-03-01,Shell,33466,1331,169
2026-04-01,Shell,30663,1272,169
2026-05-01,Shell,29797,1249,169
2026-06-01,Shell,29857,1140,169
2026-07-01,Shell,27990,1090,169
2026-08-01,Shell,26922,1161,169
2023-09-01,Pan American Energy,16863,210,84
2023-10-01,Pan American Energy,16685,216,88
2023-11-01,Pan American Energy,20156,233,90
2023-12-01,Pan American Energy,21478,252,90
2024-01-01,Pan American Energy,21067,256,93
2024-02-01,Pan American Energy,20915,265,93
2024-03-01,Pan American Energy,22528,329,93
2024-04-01,Pan American Energy,20716,300,96
2024-05-01,Pan American Energy,21896,301,96
2024-06-01,Pan American Energy,22139,279,96
2024-07-01,Pan American Energy,21768,278,98
2024-08-01,Pan American Energy,21610,284,100
2024-09-01,Pan American Energy,22721,274,106
2024-10-01,Pan American Energy,24513,287,106
2024-11-01,Pan American Energy,25296,304,106
2024-12-01,Pan American Energy,25395,331,109
2025-01-01,Pan American Energy,25064,322,112
2025-02-01,Pan American Energy,23659,281,115
2025-03-01,Pan American Energy,30452,339,115
2025-04-01,Pan American Energy,29068,339,115
2025-05-01,Pan American Energy,28235,346,118
2025-06-01,Pan American Energy,27055,342,123
2025-07-01,Pan American Energy,30402,407,124
2025-08-01,Pan American Energy,31327,439,128
2025-09-01,Pan American Energy,32710,473,130
2025-10-01,Pan American Energy,37433,525,130
2025-11-01,Pan American Energy,36461,508,130
2025-12-01,Pan American Energy,34106,481,130
2026-01-01,Pan American Energy,32281,461,130
2026-02-01,Pan American Energy,28018,413,130
2026-03-01,Pan American Energy,27375,421,130
2026-04-01,Pan American Energy,24863,370,130
2026-05-01,Pan American Energy,25877,392,130
2026-06-01,Pan American Energy,24248,366,130
2026-07-01,Pan American Energy,24450,381,130
2026-08-01,Pan American Energy,23545,369,130
2023-09-01,Chevron,1219,91,15
2023-10-01,Chevron,1786,132,15
2023-11-01,Chevron,1919,144,19
2023-12-01,Chevron,2196,164,19
2024-01-01,Chevron,3305,215,19
2024-02-01,Chevron,3302,206,19
2024-03-01,Chevron,3696,238,19
2024-04-01,Chevron,3903,261,23
2024-05-01,Chevron,4109,262,23
2024-06-01,Chevron,2543,196,23
2024-07-01,Chevron,4604,400,23
2024-08-01,Chevron,6232,563,27
2024-09-01,Chevron,5757,460,27
2024-10-01,Chevron,6930,508,27
2024-11-01,Chevron,9477,683,27
2024-12-01,Chevron,11184,719,27
2025-01-01,Chevron,8642,671,27
2025-02-01,Chevron,7151,616,31
2025-03-01,Chevron,5799,450,31
2025-04-01,Chevron,10322,684,31
2025-05-01,Chevron,10118,607,31
2025-06-01,Chevron,12278,751,35
2025-07-01,Chevron,14185,894,35
2025-08-01,Chevron,16661,1083,39
2025-09-01,Chevron,17599,1190,39
2025-10-01,Chevron,21882,1467,39
2025-11-01,Chevron,20215,1382,39
2025-12-01,Chevron,21387,1522,39
2026-01-01,Chevron,21519,1547,39
2026-02-01,Chevron,18975,1390,39
2026-03-01,Chevron,14545,1040,39
2026-04-01,Chevron,19516,1381,39
2026-05-01,Chevron,19546,1360,39
2026-06-01,Chevron,17449,1294,39
2026-07-01,Chevron,17200,1268,39
2026-08-01,Chevron,17415,1407,39
2023-09-01,Phoenix Global,0,0,0
2023-10-01,Phoenix Global,0,0,0
2023-11-01,Phoenix Global,0,0,0
2023-12-01,Phoenix Global,0,0,0
2024-01-01,Phoenix Global,0,0,0
2024-02-01,Phoenix Global,0,0,0
2024-03-01,Phoenix Global,0,0,0
2024-04-01,Phoenix Global,0,0,0
2024-05-01,Phoenix Global,0,0,0
2024-06-01,Phoenix Global,0,0,0
2024-07-01,Phoenix Global,0,0,0
2024-08-01,Phoenix Global,0,0,0
2024-09-01,Phoenix Global,0,0,0
2024-10-01,Phoenix Global,0,0,0
2024-11-01,Phoenix Global,0,0,0
2024-12-01,Phoenix Global,0,0,0
2025-01-01,Phoenix Global,0,0,0
2025-02-01,Phoenix Global,0,0,0
2025-03-01,Phoenix Global,0,0,0
2025-04-01,Phoenix Global,0,0,0
2025-05-01,Phoenix Global,0,0,0
2025-06-01,Phoenix Global,0,0,0
2025-07-01,Phoenix Global,0,0,0
2025-08-01,Phoenix Global,0,0,0
2025-09-01,Phoenix Global,0,0,0
2025-10-01,Phoenix Global,0,0,0
2025-11-01,Phoenix Global,0,0,0
2025-12-01,Phoenix Global,0,0,0
2026-01-01,Phoenix Global,0,0,0
2026-02-01,Phoenix Global,0,0,0
2026-03-01,Phoenix Global,14991,154,44
2026-04-01,Phoenix Global,13803,160,44
2026-05-01,Phoenix Global,12746,144,44
2026-06-01,Phoenix Global,11028,132,44
2026-07-01,Phoenix Global,12713,139,44
2026-08-01,Phoenix Global,11669,120,44
2023-09-01,Tecpetrol,8947,18686,143
2023-10-01,Tecpetrol,7921,12827,143
2023-11-01,Tecpetrol,8760,12674,146
2023-12-01,Tecpetrol,9657,11869,146
2024-01-01,Tecpetrol,9946,13654,147
2024-02-01,Tecpetrol,9090,14045,151
2024-03-01,Tecpetrol,11124,14821,157
2024-04-01,Tecpetrol,11946,14848,159
2024-05-01,Tecpetrol,13157,20508,163
2024-06-01,Tecpetrol,12409,19986,167
2024-07-01,Tecpetrol,14387,21994,169
2024-08-01,Tecpetrol,14336,21659,169
2024-09-01,Tecpetrol,12697,18845,169
2024-10-01,Tecpetrol,11596,12477,169
2024-11-01,Tecpetrol,9620,9741,169
2024-12-01,Tecpetrol,10954,10735,173
2025-01-01,Tecpetrol,13180,13553,177
2025-02-01,Tecpetrol,14466,13869,185
2025-03-01,Tecpetrol,17819,13396,189
2025-04-01,Tecpetrol,17323,13882,193
2025-05-01,Tecpetrol,18484,19735,193
2025-06-01,Tecpetrol,16928,21974,195
2025-07-01,Tecpetrol,16844,22584,200
2025-08-01,Tecpetrol,18792,21586,200
2025-09-01,Tecpetrol,17056,17100,200
2025-10-01,Tecpetrol,17596,12369,200
2025-11-01,Tecpetrol,15487,12304,200
2025-12-01,Tecpetrol,14177,14852,200
2026-01-01,Tecpetrol,14346,14423,200
2026-02-01,Tecpetrol,12986,11033,200
2026-03-01,Tecpetrol,12342,11672,200
2026-04-01,Tecpetrol,11647,12357,200
2026-05-01,Tecpetrol,12978,16516,200
2026-06-01,Tecpetrol,11926,14140,200
2026-07-01,Tecpetrol,12252,12464,200
2026-08-01,Tecpetrol,10369,12809,200
2023-09-01,Pampa Energia,0,0,2
2023-10-01,Pampa Energia,0,0,2
2023-11-01,Pampa Energia,24,64,5
2023-12-01,Pampa Energia,952,668,5
2024-01-01,Pampa Energia,896,746,5
2024-02-01,Pampa Energia,880,883,6
2024-03-01,Pampa Energia,1322,691,6
2024-04-01,Pampa Energia,1628,639,6
2024-05-01,Pampa Energia,1574,503,6
2024-06-01,Pampa Energia,1447,369,6
2024-07-01,Pampa Energia,1635,368,6
2024-08-01,Pampa Energia,1522,417,6
2024-09-01,Pampa Energia,1334,366,6
2024-10-01,Pampa Energia,1297,341,6
2024-11-01,Pampa Energia,1144,273,6
2024-12-01,Pampa Energia,1108,264,6
2025-01-01,Pampa Energia,1023,216,6
2025-02-01,Pampa Energia,840,130,6
2025-03-01,Pampa Energia,1058,235,10
2025-04-01,Pampa Energia,1245,188,10
2025-05-01,Pampa Energia,6485,245,14
2025-06-01,Pampa Energia,8745,256,21
2025-07-01,Pampa Energia,12535,297,21
2025-08-01,Pampa Energia,15790,332,24
2025-09-01,Pampa Energia,15775,250,24
2025-10-01,Pampa Energia,16115,244,28
2025-11-01,Pampa Energia,16826,183,28
2025-12-01,Pampa Energia,18968,196,28
2026-01-01,Pampa Energia,16150,185,28
2026-02-01,Pampa Energia,9258,348,28
2026-03-01,Pampa Energia,9619,354,28
2026-04-01,Pampa Energia,8096,293,28
2026-05-01,Pampa Energia,9529,304,28
2026-06-01,Pampa Energia,7054,259,28
2026-07-01,Pampa Energia,5294,219,28
2026-08-01,Pampa Energia,6264,237,28
2023-09-01,Vaca Muerta Inversiones Sau,0,0,0
2023-10-01,Vaca Muerta Inversiones Sau,0,0,0
2023-11-01,Vaca Muerta Inversiones Sau,0,0,0
2023-12-01,Vaca Muerta Inversiones Sau,0,0,0
2024-01-01,Vaca Muerta Inversiones Sau,0,0,0
2024-02-01,Vaca Muerta Inversiones Sau,0,0,0
2024-03-01,Vaca Muerta Inversiones Sau,0,0,0
2024-04-01,Vaca Muerta Inversiones Sau,0,0,0
2024-05-01,Vaca Muerta Inversiones Sau,0,0,0
2024-06-01,Vaca Muerta Inversiones Sau,0,0,0
2024-07-01,Vaca Muerta Inversiones Sau,0,0,0
2024-08-01,Vaca Muerta Inversiones Sau,0,0,0
2024-09-01,Vaca Muerta Inversiones Sau,0,0,0
2024-10-01,Vaca Muerta Inversiones Sau,0,0,0
2024-11-01,Vaca Muerta Inversiones Sau,0,0,0
2024-12-01,Vaca Muerta Inversiones Sau,0,0,0
2025-01-01,Vaca Muerta Inversiones Sau,0,0,0
2025-02-01,Vaca Muerta Inversiones Sau,0,0,0
2025-03-01,Vaca Muerta Inversiones Sau,0,0,0
2025-04-01,Vaca Muerta Inversiones Sau,0,0,0
2025-05-01,Vaca Muerta Inversiones Sau,0,0,0
2025-06-01,Vaca Muerta Inversiones Sau,0,0,0
2025-07-01,Vaca Muerta Inversiones Sau,0,0,0
2025-08-01,Vaca Muerta Inversiones Sau,0,0,0
2025-09-01,Vaca Muerta Inversiones Sau,0,0,0
2025-10-01,Vaca Muerta Inversiones Sau,4845,352,20
2025-11-01,Vaca Muerta Inversiones Sau,4662,286,20
2025-12-01,Vaca Muerta Inversiones Sau,5007,310,20
2026-01-01,Vaca Muerta Inversiones Sau,4935,329,20
2026-02-01,Vaca Muerta Inversiones Sau,4145,259,20
2026-03-01,Vaca Muerta Inversiones Sau,4696,316,20
2026-04-01,Vaca Muerta Inversiones Sau,4532,293,20
2026-05-01,Vaca Muerta Inversiones Sau,4115,289,20
2026-06-01,Vaca Muerta Inversiones Sau,4166,320,20
2026-07-01,Vaca Muerta Inversiones Sau,2779,232,20
2026-08-01,Vaca Muerta Inversiones Sau,1749,137,20
2023-09-01,Otras,18922,4609,108
2023-10-01,Otras,22574,4531,108
2023-11-01,Otras,20506,4239,106
2023-12-01,Otras,21402,4242,115
2024-01-01,Otras,21100,5401,118
2024-02-01,Otras,22466,5264,125
2024-03-01,Otras,25648,5502,125
2024-04-01,Otras,26066,5458,125
2024-05-01,Otras,27488,5920,128
2024-06-01,Otras,24874,6083,128
2024-07-01,Otras,23949,6350,132
2024-08-01,Otras,24516,6473,135
2024-09-01,Otras,24814,6498,135
2024-10-01,Otras,23862,6369,138
2024-11-01,Otras,26320,6103,139
2024-12-01,Otras,26016,5982,141
2025-01-01,Otras,27734,6445,144
2025-02-01,Otras,20089,5305,117
2025-03-01,Otras,23244,5733,117
2025-04-01,Otras,20221,4327,120
2025-05-01,Otras,19118,6200,128
2025-06-01,Otras,21350,6797,135
2025-07-01,Otras,27397,7335,135
2025-08-01,Otras,26011,8032,136
2025-09-01,Otras,23388,6002,136
2025-10-01,Otras,17590,4610,120
2025-11-01,Otras,21091,5465,133
2025-12-01,Otras,22118,6319,133
2026-01-01,Otras,22605,5855,133
2026-02-01,Otras,18359,5457,134
2026-03-01,Otras,5339,5903,90
2026-04-01,Otras,5155,5226,90
2026-05-01,Otras,4933,5253,90
2026-06-01,Otras,4225,4917,90
2026-07-01,Otras,3745,4803,90
2026-08-01,Otras,3930,4948,90
