Mes,Operador,Petroleo_bbl_d,Petroleo_bbl_d_anio_anterior,Gas_Mm3_d,Pozos_activos
2023-09-01,YPF,174801,,8917.87,1103
2023-10-01,YPF,198496,,8397.45,1111
2023-11-01,YPF,199525,,10486.98,1133
2023-12-01,YPF,212549,,9621.38,1139
2024-01-01,YPF,206850,,10144.4,1149
2024-02-01,YPF,194815,,10271.45,1157
2024-03-01,YPF,210444,,11359.27,1177
2024-04-01,YPF,199109,,10389.7,1191
2024-05-01,YPF,204665,,10192.58,1208
2024-06-01,YPF,198447,,8613.84,1222
2024-07-01,YPF,210041,,8665.34,1246
2024-08-01,YPF,226030,,9761.92,1265
2024-09-01,YPF,224578,174801,8967.3,1289
2024-10-01,YPF,231182,198496,8738.78,1307
2024-11-01,YPF,231225,199525,8568.85,1327
2024-12-01,YPF,247518,212549,8738.9,1333
2025-01-01,YPF,244050,206850,10776.26,1353
2025-02-01,YPF,222134,194815,10058.3,1368
2025-03-01,YPF,250571,210444,10789.07,1380
2025-04-01,YPF,235147,199109,10518.28,1406
2025-05-01,YPF,243932,204665,10636.81,1430
2025-06-01,YPF,253444,198447,11864.28,1443
2025-07-01,YPF,276970,210041,12533.31,1464
2025-08-01,YPF,286127,226030,12553.05,1488
2025-09-01,YPF,287023,224578,11478.25,1506
2025-10-01,YPF,309334,231182,10770.13,1529
2025-11-01,YPF,309986,231225,11262.35,1543
2025-12-01,YPF,334587,247518,12609.48,1562
2023-09-01,VISTA ENERGY,44618,,994.65,114
2023-10-01,VISTA ENERGY,49584,,1024.61,117
2023-11-01,VISTA ENERGY,49339,,985.45,121
2023-12-01,VISTA ENERGY,50902,,965.37,121
2024-01-01,VISTA ENERGY,50185,,911.47,124
2024-02-01,VISTA ENERGY,43605,,801.15,129
2024-03-01,VISTA ENERGY,47539,,849.69,135
2024-04-01,VISTA ENERGY,51475,,930.01,135
2024-05-01,VISTA ENERGY,58683,,995.95,142
2024-06-01,VISTA ENERGY,59913,,1156.46,146
2024-07-01,VISTA ENERGY,63789,,1291.86,151
2024-08-01,VISTA ENERGY,61555,,1118.67,158
2024-09-01,VISTA ENERGY,66889,44618,1101.04,161
2024-10-01,VISTA ENERGY,74956,49584,1309.02,164
2024-11-01,VISTA ENERGY,71170,49339,1344.56,171
2024-12-01,VISTA ENERGY,75235,50902,1393.56,171
2025-01-01,VISTA ENERGY,72488,50185,1340.59,173
2025-02-01,VISTA ENERGY,60211,43605,1163.66,181
2025-03-01,VISTA ENERGY,64665,47539,1126.55,185
2025-04-01,VISTA ENERGY,63694,51475,1044.05,189
2025-05-01,VISTA ENERGY,67647,58683,1186.36,193
2025-06-01,VISTA ENERGY,65339,59913,1090.88,193
2025-07-01,VISTA ENERGY,66071,63789,1112.7,198
2025-08-01,VISTA ENERGY,67596,61555,1145.75,208
2025-09-01,VISTA ENERGY,76420,66889,1311.2,211
2025-10-01,VISTA ENERGY,79990,74956,1410.57,216
2025-11-01,VISTA ENERGY,71263,71170,1259.2,220
2025-12-01,VISTA ENERGY,71035,75235,1227.44,220
2023-09-01,PLUSPETROL,8303,,5080.09,69
2023-10-01,PLUSPETROL,7699,,5092.61,70
2023-11-01,PLUSPETROL,6230,,4620.48,73
2023-12-01,PLUSPETROL,7493,,4572.82,88
2024-01-01,PLUSPETROL,7720,,4741.64,87
2024-02-01,PLUSPETROL,7611,,4529.0,88
2024-03-01,PLUSPETROL,8253,,4815.55,82
2024-04-01,PLUSPETROL,7849,,4746.66,85
2024-05-01,PLUSPETROL,11323,,6143.33,93
2024-06-01,PLUSPETROL,14057,,7072.55,90
2024-07-01,PLUSPETROL,18171,,8565.13,96
2024-08-01,PLUSPETROL,19330,,9645.58,102
2024-09-01,PLUSPETROL,21044,8303,9225.64,102
2024-10-01,PLUSPETROL,20931,7699,8582.33,102
2024-11-01,PLUSPETROL,24396,6230,7779.87,102
2024-12-01,PLUSPETROL,26290,7493,9437.93,102
2025-01-01,PLUSPETROL,27490,7720,9364.42,107
2025-02-01,PLUSPETROL,32062,7611,9511.15,139
2025-03-01,PLUSPETROL,33951,8253,9531.93,140
2025-04-01,PLUSPETROL,35107,7849,10200.02,144
2025-05-01,PLUSPETROL,37837,11323,11590.99,146
2025-06-01,PLUSPETROL,34873,14057,11162.27,147
2025-07-01,PLUSPETROL,40238,18171,12019.62,148
2025-08-01,PLUSPETROL,44270,19330,12936.74,148
2025-09-01,PLUSPETROL,40610,21044,12357.68,148
2025-10-01,PLUSPETROL,39390,20931,11725.54,148
2025-11-01,PLUSPETROL,38729,24396,10691.48,141
2025-12-01,PLUSPETROL,46162,26290,11180.35,141
2023-09-01,SHELL,26431,,412.38,117
2023-10-01,SHELL,24269,,378.13,121
2023-11-01,SHELL,27661,,424.89,121
2023-12-01,SHELL,31971,,469.19,133
2024-01-01,SHELL,31017,,462.41,133
2024-02-01,SHELL,33692,,509.31,138
2024-03-01,SHELL,36789,,576.5,142
2024-04-01,SHELL,35484,,577.57,146
2024-05-01,SHELL,30342,,517.67,146
2024-06-01,SHELL,32211,,555.78,146
2024-07-01,SHELL,34140,,589.75,146
2024-08-01,SHELL,33981,,574.73,150
2024-09-01,SHELL,0,26431,0.0,0
2024-10-01,SHELL,33630,24269,525.0,154
2024-11-01,SHELL,32011,27661,479.33,154
2024-12-01,SHELL,31802,31971,530.4,154
2025-01-01,SHELL,31197,31017,519.88,154
2025-02-01,SHELL,27409,33692,461.85,154
2025-03-01,SHELL,27362,36789,466.21,154
2025-04-01,SHELL,23537,35484,390.63,154
2025-05-01,SHELL,24735,30342,410.59,162
2025-06-01,SHELL,29776,32211,463.38,162
2025-07-01,SHELL,33960,34140,516.83,162
2025-08-01,SHELL,30340,33981,473.3,162
2025-09-01,SHELL,28935,0,456.42,165
2025-10-01,SHELL,35328,33630,1446.78,169
2025-11-01,SHELL,34372,32011,1423.53,169
2025-12-01,SHELL,34443,31802,1480.5,169
2023-09-01,PAN AMERICAN ENERGY,16863,,209.96,84
2023-10-01,PAN AMERICAN ENERGY,16685,,215.71,88
2023-11-01,PAN AMERICAN ENERGY,20156,,232.84,90
2023-12-01,PAN AMERICAN ENERGY,21478,,251.79,90
2024-01-01,PAN AMERICAN ENERGY,21067,,255.69,93
2024-02-01,PAN AMERICAN ENERGY,20915,,264.52,93
2024-03-01,PAN AMERICAN ENERGY,22528,,329.17,93
2024-04-01,PAN AMERICAN ENERGY,20716,,300.22,96
2024-05-01,PAN AMERICAN ENERGY,21896,,300.78,96
2024-06-01,PAN AMERICAN ENERGY,22139,,278.55,96
2024-07-01,PAN AMERICAN ENERGY,21768,,278.06,98
2024-08-01,PAN AMERICAN ENERGY,21610,,283.83,100
2024-09-01,PAN AMERICAN ENERGY,22721,16863,273.75,106
2024-10-01,PAN AMERICAN ENERGY,24513,16685,286.78,106
2024-11-01,PAN AMERICAN ENERGY,25296,20156,303.84,106
2024-12-01,PAN AMERICAN ENERGY,25395,21478,331.29,109
2025-01-01,PAN AMERICAN ENERGY,25064,21067,322.09,112
2025-02-01,PAN AMERICAN ENERGY,23659,20915,281.31,115
2025-03-01,PAN AMERICAN ENERGY,30452,22528,338.51,115
2025-04-01,PAN AMERICAN ENERGY,29068,20716,339.37,115
2025-05-01,PAN AMERICAN ENERGY,28235,21896,346.31,118
2025-06-01,PAN AMERICAN ENERGY,27055,22139,342.2,123
2025-07-01,PAN AMERICAN ENERGY,30402,21768,406.62,124
2025-08-01,PAN AMERICAN ENERGY,31327,21610,439.46,128
2025-09-01,PAN AMERICAN ENERGY,32710,22721,472.81,130
2025-10-01,PAN AMERICAN ENERGY,37433,24513,524.88,130
2025-11-01,PAN AMERICAN ENERGY,36461,25296,508.01,130
2025-12-01,PAN AMERICAN ENERGY,34106,25395,481.24,130
2023-09-01,CHEVRON,1219,,90.95,15
2023-10-01,CHEVRON,1786,,132.17,15
2023-11-01,CHEVRON,1919,,143.89,19
2023-12-01,CHEVRON,2196,,163.72,19
2024-01-01,CHEVRON,3305,,215.01,19
2024-02-01,CHEVRON,3302,,206.03,19
2024-03-01,CHEVRON,3696,,238.41,19
2024-04-01,CHEVRON,3903,,260.66,23
2024-05-01,CHEVRON,4109,,261.95,23
2024-06-01,CHEVRON,2543,,195.61,23
2024-07-01,CHEVRON,4604,,399.68,23
2024-08-01,CHEVRON,6232,,562.53,27
2024-09-01,CHEVRON,5757,1219,459.99,27
2024-10-01,CHEVRON,6930,1786,507.89,27
2024-11-01,CHEVRON,9477,1919,683.45,27
2024-12-01,CHEVRON,11184,2196,719.49,27
2025-01-01,CHEVRON,8642,3305,670.79,27
2025-02-01,CHEVRON,7151,3302,615.71,31
2025-03-01,CHEVRON,5799,3696,449.65,31
2025-04-01,CHEVRON,10322,3903,684.04,31
2025-05-01,CHEVRON,10118,4109,607.07,31
2025-06-01,CHEVRON,12278,2543,751.36,35
2025-07-01,CHEVRON,14185,4604,893.94,35
2025-08-01,CHEVRON,16661,6232,1083.38,39
2025-09-01,CHEVRON,17599,5757,1189.58,39
2025-10-01,CHEVRON,21882,6930,1467.0,39
2025-11-01,CHEVRON,20215,9477,1382.2,39
2025-12-01,CHEVRON,21387,11184,1521.94,39
2023-09-01,TECPETROL,8947,,18686.21,143
2023-10-01,TECPETROL,7921,,12827.02,143
2023-11-01,TECPETROL,8760,,12674.47,146
2023-12-01,TECPETROL,9657,,11869.48,146
2024-01-01,TECPETROL,9946,,13653.53,147
2024-02-01,TECPETROL,9090,,14045.38,151
2024-03-01,TECPETROL,11124,,14821.26,157
2024-04-01,TECPETROL,11946,,14848.11,159
2024-05-01,TECPETROL,13157,,20507.78,163
2024-06-01,TECPETROL,12409,,19986.48,167
2024-07-01,TECPETROL,14387,,21994.49,169
2024-08-01,TECPETROL,14336,,21658.52,169
2024-09-01,TECPETROL,12697,8947,18844.6,169
2024-10-01,TECPETROL,11596,7921,12476.69,169
2024-11-01,TECPETROL,9620,8760,9741.47,169
2024-12-01,TECPETROL,10954,9657,10734.71,173
2025-01-01,TECPETROL,13180,9946,13553.41,177
2025-02-01,TECPETROL,14466,9090,13868.92,185
2025-03-01,TECPETROL,17819,11124,13396.44,189
2025-04-01,TECPETROL,17323,11946,13882.46,193
2025-05-01,TECPETROL,18484,13157,19735.02,193
2025-06-01,TECPETROL,16928,12409,21974.29,195
2025-07-01,TECPETROL,16844,14387,22583.77,200
2025-08-01,TECPETROL,18792,14336,21585.76,200
2025-09-01,TECPETROL,17056,12697,17100.06,200
2025-10-01,TECPETROL,17596,11596,12368.78,200
2025-11-01,TECPETROL,15487,9620,12304.09,200
2025-12-01,TECPETROL,14177,10954,14852.41,200
2023-09-01,PAMPA ENERGIA,0,,0.0,2
2023-10-01,PAMPA ENERGIA,0,,0.0,2
2023-11-01,PAMPA ENERGIA,24,,64.3,5
2023-12-01,PAMPA ENERGIA,952,,668.18,5
2024-01-01,PAMPA ENERGIA,896,,745.56,5
2024-02-01,PAMPA ENERGIA,880,,883.35,6
2024-03-01,PAMPA ENERGIA,1322,,690.62,6
2024-04-01,PAMPA ENERGIA,1628,,638.57,6
2024-05-01,PAMPA ENERGIA,1574,,503.12,6
2024-06-01,PAMPA ENERGIA,1447,,369.26,6
2024-07-01,PAMPA ENERGIA,1635,,368.13,6
2024-08-01,PAMPA ENERGIA,1522,,416.65,6
2024-09-01,PAMPA ENERGIA,1334,0,366.21,6
2024-10-01,PAMPA ENERGIA,1297,0,341.38,6
2024-11-01,PAMPA ENERGIA,1144,24,273.42,6
2024-12-01,PAMPA ENERGIA,1108,952,264.48,6
2025-01-01,PAMPA ENERGIA,1023,896,216.4,6
2025-02-01,PAMPA ENERGIA,840,880,130.46,6
2025-03-01,PAMPA ENERGIA,1058,1322,235.13,10
2025-04-01,PAMPA ENERGIA,1245,1628,188.0,10
2025-05-01,PAMPA ENERGIA,6485,1574,244.58,14
2025-06-01,PAMPA ENERGIA,8745,1447,256.03,21
2025-07-01,PAMPA ENERGIA,12535,1635,296.84,21
2025-08-01,PAMPA ENERGIA,15790,1522,331.51,24
2025-09-01,PAMPA ENERGIA,15775,1334,250.17,24
2025-10-01,PAMPA ENERGIA,16115,1297,244.26,28
2025-11-01,PAMPA ENERGIA,16826,1144,183.37,28
2025-12-01,PAMPA ENERGIA,18968,1108,196.4,28
2023-09-01,VACA MUERTA INVERSIONES SAU,0,,0.0,0
2023-10-01,VACA MUERTA INVERSIONES SAU,0,,0.0,0
2023-11-01,VACA MUERTA INVERSIONES SAU,0,,0.0,0
2023-12-01,VACA MUERTA INVERSIONES SAU,0,,0.0,0
2024-01-01,VACA MUERTA INVERSIONES SAU,0,,0.0,0
2024-02-01,VACA MUERTA INVERSIONES SAU,0,,0.0,0
2024-03-01,VACA MUERTA INVERSIONES SAU,0,,0.0,0
2024-04-01,VACA MUERTA INVERSIONES SAU,0,,0.0,0
2024-05-01,VACA MUERTA INVERSIONES SAU,0,,0.0,0
2024-06-01,VACA MUERTA INVERSIONES SAU,0,,0.0,0
2024-07-01,VACA MUERTA INVERSIONES SAU,0,,0.0,0
2024-08-01,VACA MUERTA INVERSIONES SAU,0,,0.0,0
2024-09-01,VACA MUERTA INVERSIONES SAU,0,0,0.0,0
2024-10-01,VACA MUERTA INVERSIONES SAU,0,0,0.0,0
2024-11-01,VACA MUERTA INVERSIONES SAU,0,0,0.0,0
2024-12-01,VACA MUERTA INVERSIONES SAU,0,0,0.0,0
2025-01-01,VACA MUERTA INVERSIONES SAU,0,0,0.0,0
2025-02-01,VACA MUERTA INVERSIONES SAU,0,0,0.0,0
2025-03-01,VACA MUERTA INVERSIONES SAU,0,0,0.0,0
2025-04-01,VACA MUERTA INVERSIONES SAU,0,0,0.0,0
2025-05-01,VACA MUERTA INVERSIONES SAU,0,0,0.0,0
2025-06-01,VACA MUERTA INVERSIONES SAU,0,0,0.0,0
2025-07-01,VACA MUERTA INVERSIONES SAU,0,0,0.0,0
2025-08-01,VACA MUERTA INVERSIONES SAU,0,0,0.0,0
2025-09-01,VACA MUERTA INVERSIONES SAU,0,0,0.0,0
2025-10-01,VACA MUERTA INVERSIONES SAU,4845,0,352.42,20
2025-11-01,VACA MUERTA INVERSIONES SAU,4662,0,286.11,20
2025-12-01,VACA MUERTA INVERSIONES SAU,5007,0,309.59,20
2023-09-01,OTRAS (resto),18922,,4609.02,108
2023-10-01,OTRAS (resto),22574,,4530.74,108
2023-11-01,OTRAS (resto),20506,,4239.17,106
2023-12-01,OTRAS (resto),21402,,4242.21,115
2024-01-01,OTRAS (resto),21100,,5401.47,118
2024-02-01,OTRAS (resto),22466,,5263.53,125
2024-03-01,OTRAS (resto),25648,,5501.56,125
2024-04-01,OTRAS (resto),26066,,5457.82,125
2024-05-01,OTRAS (resto),27488,,5919.53,128
2024-06-01,OTRAS (resto),24874,,6082.85,128
2024-07-01,OTRAS (resto),23949,,6349.53,132
2024-08-01,OTRAS (resto),24516,,6472.86,135
2024-09-01,OTRAS (resto),24814,18922,6497.76,135
2024-10-01,OTRAS (resto),23862,22574,6368.68,138
2024-11-01,OTRAS (resto),26320,20506,6102.79,139
2024-12-01,OTRAS (resto),26016,21402,5982.32,141
2025-01-01,OTRAS (resto),27734,21100,6445.09,144
2025-02-01,OTRAS (resto),20089,22466,5304.68,117
2025-03-01,OTRAS (resto),23244,25648,5733.25,117
2025-04-01,OTRAS (resto),20221,26066,4326.54,120
2025-05-01,OTRAS (resto),19118,27488,6200.16,128
2025-06-01,OTRAS (resto),21350,24874,6797.43,135
2025-07-01,OTRAS (resto),27397,23949,7335.48,135
2025-08-01,OTRAS (resto),26011,24516,8032.04,136
2025-09-01,OTRAS (resto),23388,24814,6001.71,136
2025-10-01,OTRAS (resto),17590,23862,4609.8,120
2025-11-01,OTRAS (resto),21091,26320,5464.98,133
2025-12-01,OTRAS (resto),22118,26016,6319.37,133
